{
  "feature_names": [
    "starter_era_diff",
    "starter_k9_diff",
    "bullpen_era_diff",
    "recent_rd_diff",
    "batting_form_diff",
    "park_factor",
    "home_advantage",
    "injury_impact_diff",
    "rest_days_home",
    "rest_days_away"
  ],
  "mu": [
    -0.04238636363636362,
    -0.01633522727272727,
    0.07960227272727273,
    0.0906249999999999,
    -0.010113636363636356,
    0.033238636363636345,
    0.40000000000000263,
    0.0,
    1.3551136363636365,
    1.34375
  ],
  "sigma": [
    0.5960261287709504,
    0.5427334343897512,
    1.3543792023031056,
    2.341958595688756,
    1.420583062367976,
    0.13448246711663517,
    1.0,
    1.0,
    0.6838452348803747,
    0.6156257210424942
  ],
  "weights": [
    0.007399330300638114,
    -0.08389350740508504,
    0.1235141246702916,
    -0.10424012944686212,
    0.13241298940838964,
    -0.1301544091130472,
    -3.028547257207609e-16,
    0.0,
    0.2751413532509619,
    -0.1420382716194116
  ],
  "bias": 0.23323687788029937,
  "trained_at": "2026-04-29T16:30:59.905888",
  "n_train": 352,
  "n_holdout": 88,
  "metrics_holdout": {
    "logloss": 0.7332968696256842,
    "brier": 0.26869040455650645,
    "acc_at_0.5": 0.5
  }
}